/*1. Напишите запрос, который вывел бы таблицу со столбцами в следующем порядке: city, sname,
snum, comm. (к первой или второй таблице, используя SELECT)*/
DROP TABLE IF EXISTS salespeople;
CREATE TABLE IF NOT EXISTS `salespeople` (
    `snum` INT NOT NULL,
    `sname` VARCHAR(10) NOT NULL,
    `city` VARCHAR(10) NOT NULL,
    `comm` DECIMAL(4, 2),
    PRIMARY KEY (`snum`)
);

INSERT INTO salespeople(snum, sname, city, comm)
VALUES
    (1001, "Peel", "London", 0.12),
    (1002, "Serres", "San Jose", 0.13),
    (1004, "Motika", "London", 0.11),
    (1007, "Rifkin", "Barcelona", 0.15),
    (1003, "Axelrod", "New York", 0.10);

SELECT city, sname, snum, comm
FROM salespeople;

-- Таблица customers
DROP TABLE IF EXISTS customers;
CREATE TABLE IF NOT EXISTS `customers` (
    `cnum` INT NOT NULL,
    `cname` VARCHAR(10) NOT NULL,
    `city` VARCHAR(10) NOT NULL,
    `rating` INT,
    `snum` INT,
    PRIMARY KEY (`cnum`),
    FOREIGN KEY (`snum`) REFERENCES salespeople (`snum`)
);

INSERT INTO customers(cnum, cname, city, rating, snum)
VALUES
    (2001, "Hoffman", "London", 100, 1001),
    (2002, "Giovanni", "Rome", 200, 1003),
    (2003, "Liu", "San Jose", 200, 1002),
    (2004, "Grass", "Berlin", 300, 1002),
    (2006, "Clemens", "London", 100, 1001),
    (2008, "Cisneros", "San Jose", 300, 1007),
    (2007, "Pereira", "Rome", 100, 1004);
    
    SELECT city, cname, snum
FROM customers;
/*1.2. Напишите команду SELECT, которая вывела бы оценку(rating), сопровождаемую именем
каждого заказчика в городе San Jose. (“заказчики”)*/
SELECT rating, cname
FROM customers
WHERE city = 'San Jose';
 
 /*1.3. Вывести уникальные значения поля snum всех продавцов из таблицы "orders"*/
 -- Таблица orders
DROP TABLE IF EXISTS orders;
CREATE TABLE IF NOT EXISTS `orders` (
    `onum` INT NOT NULL,
    `amt` DECIMAL(7,2) NOT NULL,
    `odate` VARCHAR(10) NOT NULL,
    `cnum` INT,
    `snum` INT,
    PRIMARY KEY (`onum`),
    FOREIGN KEY (`cnum`) REFERENCES customers (`cnum`),
    FOREIGN KEY (`snum`) REFERENCES salespeople (`snum`)
);

INSERT INTO orders(onum, amt, odate, cnum, snum)
VALUES
    (3001, 18.69, '10/03/1990', 2008, 1007),
    (3003, 767.19, '10/03/1990', 2001, 1001),
    (3002, 1900.10, '10/03/1990', 2007, 1004),
    (3005, 5160.45, '10/03/1990', 2003, 1002),
    (3006, 1098.16, '10/03/1990', 2008, 1007),
    (3009, 1713.23, '10/04/1990', 2002, 1003),
    (3007, 75.75, '10/04/1990', 2004, 1002),
    (3008, 4723.00, '10/05/1990', 2006, 1001),
    (3010, 1309.95, '10/06/1990', 2004, 1002),
    (3011, 9891.88, '10/06/1990', 2006, 1001);
 SELECT DISTINCT snum
FROM orders;
