-- Таблица salespeople
DROP TABLE IF EXISTS salespeople;
CREATE TABLE IF NOT EXISTS `salespeople` (
    `snum` INT NOT NULL,
    `sname` VARCHAR(10) NOT NULL,
    `city` VARCHAR(10) NOT NULL,
    `comm` DECIMAL(4, 2),
    PRIMARY KEY (`snum`)
);

INSERT INTO salespeople(snum, sname, city, comm)
VALUES
    (1001, "Peel", "London", 0.12),
    (1002, "Serres", "San Jose", 0.13),
    (1004, "Motika", "London", 0.11),
    (1007, "Rifkin", "Barcelona", 0.15),
    (1003, "Axelrod", "New York", 0.10);


-- Таблица customers
DROP TABLE IF EXISTS customers;
CREATE TABLE IF NOT EXISTS `customers` (
    `cnum` INT NOT NULL,
    `cname` VARCHAR(10) NOT NULL,
    `city` VARCHAR(10) NOT NULL,
    `rating` INT,
    `snum` INT,
    PRIMARY KEY (`cnum`),
    FOREIGN KEY (`snum`) REFERENCES salespeople (`snum`)
);

INSERT INTO customers(cnum, cname, city, rating, snum)
VALUES
    (2001, "Hoffman", "London", 100, 1001),
    (2002, "Giovanni", "Rome", 200, 1003),
    (2003, "Liu", "San Jose", 200, 1002),
    (2004, "Grass", "Berlin", 300, 1002),
    (2006, "Clemens", "London", 100, 1001),
    (2008, "Cisneros", "San Jose", 300, 1007),
    (2007, "Pereira", "Rome", 100, 1004);


-- Таблица orders
DROP TABLE IF EXISTS orders;
CREATE TABLE IF NOT EXISTS `orders` (
    `onum` INT NOT NULL,
    `amt` DECIMAL(7,2) NOT NULL,
    `odate` VARCHAR(10) NOT NULL,
    `cnum` INT,
    `snum` INT,
    PRIMARY KEY (`onum`),
    FOREIGN KEY (`cnum`) REFERENCES customers (`cnum`),
    FOREIGN KEY (`snum`) REFERENCES salespeople (`snum`)
);

INSERT INTO orders(onum, amt, odate, cnum, snum)
VALUES
    (3001, 18.69, '10/03/1990', 2008, 1007),
    (3003, 767.19, '10/03/1990', 2001, 1001),
    (3002, 1900.10, '10/03/1990', 2007, 1004),
    (3005, 5160.45, '10/03/1990', 2003, 1002),
    (3006, 1098.16, '10/03/1990', 2008, 1007),
    (3009, 1713.23, '10/04/1990', 2002, 1003),
    (3007, 75.75, '10/04/1990', 2004, 1002),
    (3008, 4723.00, '10/05/1990', 2006, 1001),
    (3010, 1309.95, '10/06/1990', 2004, 1002),
    (3011, 9891.88, '10/06/1990', 2006, 1001);


-- Таблица staff
DROP TABLE IF EXISTS staff;
CREATE TABLE IF NOT EXISTS `staff` (
    `id` INT AUTO_INCREMENT,
    `first_name` VARCHAR(45),
    `last_name` VARCHAR(45),
    `post` VARCHAR(45),
    `seniority` INT,
    `salary` DECIMAL(8,2),
    `age` INT,
    PRIMARY KEY (`id`)
);

INSERT INTO staff(
    first_name, last_name, post, seniority, salary, age)
VALUES
    ("Вася", "Петров", "Начальник", 40, 100000, 60),
    ("Петр", "Власов", "Начальник", 8, 70000, 30),
    ("Катя", "Катина", "Инженер", 2, 70000, 25),
    ("Саша", "Сасин", "Инженер", 12, 50000, 35),
    ("Иван", "Петров", "Рабочий", 40, 30000, 59),
    ("Петр", "Петров", "Рабочий", 20, 55000, 60),
    ("Сидр", "Сидоров", "Рабочий", 10, 20000, 35),
    ("Антон", "Антонов", "Рабочий", 8, 19000, 28),
    ("Юрий", "Юрков", "Рабочий", 5, 15000, 25),
    ("Максим", "Петров", "Рабочий", 2, 11000, 19),
    ("Юрий", "Петров", "Рабочий", 3, 12000, 24),
    ("Людмила", "Маркина", "Уборщица", 10, 10000, 49);